"","UKENAN_AW_TP000016","UKENAN_AW_TP000023","UKENAN_AW_TP000037","UKENAN_AW_TP000050","UKENAN_AW_TP000051","UKENAN_AW_TP000055","UKENAN_AW_TP000063","UKENAN_AW_TP000069","UKENAN_AW_TP000082","UKENAN_AW_TP000107","UKENAN_AW_TP000115","UKENAN_AW_TP000116","UKENAN_AW_TP000144","UKENAN_AW_TP000148","UKENAN_AW_TP000154","UKENAN_AW_TP000161","UKENAN_AW_TP000170","UKENAN_AW_TP000200","UKENAN_AW_TP000210","UKENAN_AW_TP000293","UKENAN_AW_TP000303","UKENAN_AW_TP000307","UKENAN_AW_TP000308","UKENMI_ST_TP000018","UKENMI_ST_TP000036","UKENMI_ST_TP000056","UKENMI_ST_TP000060","UKENMI_ST_TP000062","UKENMI_ST_TP000068","UKENMI_ST_TP000074","UKENMI_ST_TP000099","UKENMI_ST_TP000100","UKENMI_ST_TP000120","UKENMI_ST_TP000137","UKENMI_ST_TP000143","UKENMI_ST_TP000156","UKENMI_ST_TP000163","UKENMI_ST_TP000164","UKENMI_ST_TP000180","UKENMI_ST_TP000182","UKENMI_ST_TP000184","UKENMI_ST_TP000186","UKENMI_ST_TP000199","UKENMI_ST_TP000207","UKENMI_ST_TP000208","UKENMI_ST_TP000222","UKENMI_ST_TP000225","UKENMI_ST_TP000241","UKENMI_ST_TP000256","UKENNE_NU_TP000012","UKENNE_NU_TP000028","UKENNE_NU_TP000030","UKENNE_NU_TP000031","UKENNE_NU_TP000039","UKENNE_NU_TP000046","UKENNE_NU_TP000048","UKENNE_NU_TP000051","UKENNE_NU_TP000055","UKENNE_YW_TP000029","UKENNE_YW_TP000054","UKENNE_YW_TP000057","UKENNE_YW_TP000063","UKENNE_YW_TP000082","UKENNE_YW_TP000086","UKENNE_YW_TP000094","UKENNE_YW_TP000095","UKENNE_YW_TP000096","UKENNE_YW_TP000098","UKENNE_YW_TP000102","UKENNE_YW_TP000107","UKENNE_YW_TP000112","UKENNE_YW_TP000119","UKENNE_YW_TP000141","UKENNW_UU_TP000012","UKENNW_UU_TP000017","UKENNW_UU_TP000018","UKENNW_UU_TP000019","UKENNW_UU_TP000023","UKENNW_UU_TP000024","UKENNW_UU_TP000026","UKENNW_UU_TP000027","UKENNW_UU_TP000038","UKENNW_UU_TP000047","UKENNW_UU_TP000050","UKENNW_UU_TP000067","UKENNW_UU_TP000068","UKENNW_UU_TP000076","UKENNW_UU_TP000078","UKENNW_UU_TP000084","UKENNW_UU_TP000095","UKENNW_UU_TP000102","UKENNW_UU_TP000103","UKENNW_UU_TP000110","UKENNW_UU_TP000115","UKENNW_UU_TP000116","UKENNW_UU_TP000124","UKENNW_UU_TP000133","UKENSO_SW_TP000001","UKENSO_SW_TP000004","UKENSO_SW_TP000008","UKENSO_SW_TP000011","UKENSO_SW_TP000013","UKENSO_SW_TP000016","UKENSO_SW_TP000022","UKENSO_SW_TP000025","UKENSO_SW_TP000026","UKENSO_SW_TP000028","UKENSO_SW_TP000030","UKENSO_SW_TP000033","UKENSO_SW_TP000083","UKENSO_SW_TP000090","UKENSO_SW_TP000091","UKENSW_SWS_TP000002","UKENSW_SWS_TP000016","UKENSW_SWS_TP000024","UKENSW_SWS_TP000025","UKENSW_SWS_TP000051","UKENSW_SWS_TP000055","UKENSW_SWS_TP000058","UKENSW_SWS_TP000059","UKENSW_SWS_TP000064","UKENSW_SWS_TP000075","UKENSW_WXW_TP000004","UKENSW_WXW_TP000005","UKENSW_WXW_TP000038","UKENSW_WXW_TP000086","UKENSW_WXW_TP000100","UKENSW_WXW_TP000101","UKENTH_TWU_TP000010","UKENTH_TWU_TP000013","UKENTH_TWU_TP000014","UKENTH_TWU_TP000015","UKENTH_TWU_TP000021","UKENTH_TWU_TP000033","UKENTH_TWU_TP000050","UKENTH_TWU_TP000052","UKENTH_TWU_TP000054","UKENTH_TWU_TP000073","UKENTH_TWU_TP000084","UKENTH_TWU_TP000100","UKENTH_TWU_TP000102","UKENTH_TWU_TP000103","UKENTH_TWU_TP000106","UKENTH_TWU_TP000113","UKENTH_TWU_TP000116","UKENTH_TWU_TP000122","UKENTH_TWU_TP000125","UKENTH_TWU_TP000126","UKENTH_TWU_TP000133","UKENTH_TWU_TP000139","UKENTH_TWU_TP000155","UKENTH_TWU_TP000159"
"2021-05-24",NA,NA,NA,NA,NA,NA,NA,NA,NA,NA,NA,NA,NA,NA,NA,NA,NA,NA,NA,NA,NA,NA,NA,NA,NA,NA,NA,NA,NA,NA,NA,NA,NA,NA,NA,3.116048427,NA,NA,3.791614865,NA,NA,NA,NA,NA,NA,NA,NA,4.270533488,NA,NA,NA,NA,NA,NA,NA,NA,NA,NA,NA,NA,NA,NA,2.987183824,NA,NA,3.547733582,NA,2.462898439,NA,3.151602837,NA,NA,NA,NA,NA,NA,NA,NA,NA,NA,NA,3.517387493,NA,4.096038701,NA,NA,NA,NA,NA,NA,NA,NA,3.761105446,NA,4.539465403,NA,NA,NA,NA,NA,NA,NA,4.555878257,NA,NA,NA,NA,NA,NA,3.520087358,NA,5.076883779,NA,NA,NA,NA,NA,NA,4.491545363,NA,5.391310839,NA,NA,NA,NA,NA,NA,NA,3.692810809,NA,NA,NA,NA,NA,NA,2.97614197,NA,4.29831765,NA,NA,NA,NA,NA,NA,NA,NA,NA,NA,NA,NA,NA,NA
"2021-05-31",3.166716595,5.88127531,3.903311068,4.897693102,4.796108887,5.540512309,4.732276406,2.780945214,5.269604345,3.551756597,5.567368304,3.552313549,3.894018201,5.180301605,4.752157927,4.680363573,5.390076894,3.919519976,3.005367047,3.609022286,5.812266377,4.281559694,4.407294191,NA,5.60796606,3.446080523,3.669353962,4.856139441,3.331671957,4.511804133,4.720913345,4.992490941,4.727233616,5.106031025,NA,NA,4.1295050025,NA,NA,4.344655137,5.563502456,3.9969467,4.827162894,3.67016313,4.9159112835,3.759873952,4.062915794,NA,5.022753245,3.504627784,NA,3.50831687,3.65000043,NA,5.097258986,NA,4.912985273,4.509759811,NA,NA,3.340205111,3.427502064,NA,NA,3.31819103,NA,5.326451148,NA,5.14873374,NA,4.04181964,4.643395943,4.888523228,4.925826852,NA,4.312214638,4.321526907,NA,4.925980906,4.316908332,3.247209071,NA,NA,NA,4.778652748,NA,4.800775006,4.4552416885,3.599970392,4.575183615,4.884091133,4.10045696,NA,NA,NA,5.233837286,3.478684826,NA,3.600289418,4.308806434,3.53165267,4.422357225,NA,4.041991261,4.318644228,5.379070519,3.825901346,5.229394425,3.951674737,NA,3.385897225,NA,4.396748123,NA,4.798677486,4.92367286,3.636127704,6.302882441,NA,3.379757398,NA,4.753369133,3.7413082,4.729654876,5.078979892,4.369170902,3.725560857,4.929792937,NA,4.114532034,3.372705821,4.533701796,4.072517563,3.377917795,4.138199744,NA,3.857142316,3.610817236,4.421613524,4.11801768,3.158053901,4.325357756,3.7075462845,3.326971186,NA,3.758866213,3.704249776,2.798675769,4.510783462,4.960279318,4.709406204,2.996654663
"2021-06-07",NA,NA,NA,NA,NA,NA,NA,NA,NA,NA,NA,NA,NA,NA,NA,NA,NA,NA,NA,NA,NA,NA,NA,NA,NA,NA,NA,NA,NA,NA,NA,NA,NA,NA,4.806718357,2.737141927,NA,5.42979877,4.988490604,NA,NA,NA,NA,NA,NA,4.811519856,NA,4.770375839,NA,4.384472018,NA,4.205182086,4.178379186,NA,NA,NA,4.705288235,4.202738614,NA,NA,3.712219899,NA,4.579476349,NA,NA,3.859322886,NA,NA,NA,2.864522012,NA,NA,NA,5.762935108,NA,3.947006945,NA,NA,5.312347155,NA,NA,4.546097953,NA,5.173743213,NA,NA,NA,NA,NA,4.948828409,NA,NA,3.687353013,NA,4.467350865,NA,NA,4.977552098,NA,NA,5.356683556,NA,4.458379583,NA,NA,NA,NA,4.741367124,NA,4.962526326,NA,4.864055441,NA,NA,NA,NA,NA,NA,5.165389497,NA,6.037061282,NA,NA,NA,NA,NA,NA,NA,4.525526926,NA,NA,NA,NA,NA,NA,3.432535746,NA,NA,3.260843892,4.260882957,NA,NA,NA,NA,NA,NA,NA,NA,NA,4.471821002,NA,NA
"2021-06-14",4.399067904,6.001939518,5.183000937,4.832915852,4.795404645,4.985310684,4.351264677,2.875723854,4.162644162,4.566287062,5.523851949,3.41733231,4.565652353,5.8186772,5.141024555,3.389697376,5.47712791,4.269539177,3.920771742,5.118938908,4.440931475,3.835059895,4.106128217,4.57832679,6.009245757,4.624044924,4.683211358,4.749428974,4.580757335,4.364833791,5.176699445,4.225870038,3.876808037,4.348827722,NA,NA,4.407145152,NA,NA,5.229375503,5.394037456,3.441659669,5.404378225,4.246345039,5.576511177,NA,4.950056179,NA,5.100466404,NA,NA,NA,NA,NA,5.356729404,NA,NA,NA,5.264336663,NA,NA,4.003934354,NA,NA,3.996702707,NA,5.360041031,2.945785667,5.057519333,NA,4.232915857,5.231218657,4.922790146,NA,NA,NA,4.138596996,NA,NA,4.887295259,5.083587637,NA,NA,NA,5.101711922,NA,5.086225657,5.075106183,NA,NA,4.549385182,3.758156169,NA,NA,NA,4.724496616,4.496974748,NA,3.992628578,4.722835396,NA,4.720711696,NA,4.456547982,3.986108349,5.164510424,5.003132691,NA,5.698332003,NA,4.545502723,NA,4.906555931,NA,5.325857016,4.369831794,3.468061682,3.993671977,NA,4.97248547,NA,4.025197619,3.743686016,5.462411531,4.635824214,3.535705079,4.747183838,4.612899367,NA,4.106888982,3.919093827,4.920774112,3.658742309,5.209623851,4.747094043,NA,3.276497623,4.929519288,NA,NA,3.822963103,5.364435515,4.334945783,3.709173625,5.508242628,4.156985863,3.753827831,2.612029596,3.909977917,NA,5.409032445,3.691115546
"2021-06-21",NA,NA,NA,NA,NA,NA,NA,NA,NA,NA,NA,NA,NA,NA,NA,NA,NA,NA,NA,NA,NA,NA,NA,NA,5.261092646,NA,NA,NA,NA,NA,NA,NA,NA,NA,5.786178574,3.913014812,NA,NA,4.681757685,NA,NA,NA,NA,NA,NA,NA,NA,5.001663752,NA,NA,4.976490082,NA,NA,NA,NA,NA,NA,NA,NA,NA,NA,NA,3.923898586,NA,NA,4.049664442,NA,NA,NA,4.196275745,NA,NA,NA,NA,NA,NA,NA,NA,NA,NA,NA,4.536069896,NA,5.274374177,NA,NA,NA,NA,NA,NA,NA,NA,4.597990899,NA,4.895461683,NA,NA,NA,NA,NA,NA,NA,4.461234587,NA,NA,NA,NA,NA,NA,4.924509499,NA,5.053609274,NA,NA,NA,NA,NA,NA,5.084754903,4.885067397,5.188897003,4.877361765,NA,NA,NA,NA,NA,NA,3.821737044,NA,NA,NA,NA,NA,NA,4.256411491,NA,NA,NA,NA,NA,NA,NA,NA,NA,NA,NA,NA,NA,NA,NA,NA
"2021-06-28",4.798044081,5.162744574,4.947731398,4.721391894,5.587934523,5.619124489,5.884596895,5.208349592,7.065255184,5.068436406,5.334188612,3.705437485,3.976508289,5.3353372,5.715715619,3.222336298,6.105613815,4.805747454,5.069886616,4.757660005,5.130376299,4.652592936,5.01052449,4.908290844,NA,3.505003489,5.702473328,5.439641741,4.877575276,4.702038124,4.955166006,4.778833325,5.605985804,6.465506456,NA,NA,3.692491087,5.404188678,NA,NA,5.541600202,4.559910036,5.686851787,4.105064247,5.066778577,3.855882448,5.105160338,NA,5.054719033,5.084801029,NA,4.785042564,3.877867468,NA,3.857857366,NA,5.538569139,5.31301811,4.323300171,NA,4.012211352,4.685677962,NA,NA,4.24607952,NA,5.467778227,2.717565376,5.661750126,NA,5.180507289,5.681086755,4.994291379,5.348575626,NA,4.893892536,4.199258499,NA,4.953244875,5.106185015,3.936318398,NA,NA,NA,5.108803611,NA,5.138122075,4.976381193,4.526939335,5.045462244,2.741016752,4.782889669,NA,NA,NA,5.123695264,4.75265837,4.932833197,4.348946801,5.068378273,5.442871894,5.638980688,NA,5.647572774,5.221641282,5.485207946,5.447675584,5.376508119,5.781214605,NA,5.027078549,NA,5.451175455,NA,5.520982373,5.280104844,5.210035138,4.596036099,NA,NA,NA,NA,4.56382528,5.485437434,5.069649036,5.150657507,4.794776326,4.941248365,NA,4.883894227,3.993905784,5.291188143,5.300252869,4.744120977,4.79456197,NA,4.524515727,4.232178755,4.869693589,5.155706771,4.831558756,5.56056701,4.623904679,4.170151604,5.019210621,2.929892182,4.11310554,4.343336517,4.77602232,5.047517835,5.130314044,4.224396559
"2021-07-05",NA,NA,NA,NA,NA,NA,NA,NA,NA,NA,NA,NA,NA,NA,NA,NA,NA,NA,NA,NA,NA,NA,NA,NA,NA,NA,NA,NA,NA,NA,NA,NA,NA,NA,5.036503439,3.960653846,NA,NA,5.034886411,5.910063537,NA,NA,NA,NA,NA,NA,NA,5.239768174,NA,NA,4.477889051,NA,NA,NA,NA,NA,NA,NA,NA,NA,NA,NA,NA,NA,NA,4.141306656,NA,NA,NA,3.628697472,NA,NA,NA,NA,NA,NA,NA,NA,NA,NA,NA,NA,NA,5.435471542,NA,NA,NA,NA,NA,NA,NA,NA,NA,NA,4.934819182,NA,NA,4.784552631,NA,NA,NA,NA,NA,NA,NA,NA,NA,NA,NA,4.521152384,NA,5.245378709,NA,NA,NA,NA,NA,NA,5.055299516,NA,5.794483997,NA,NA,NA,NA,NA,NA,NA,5.843227089,NA,NA,NA,NA,NA,NA,3.424788399,NA,NA,NA,NA,NA,NA,NA,NA,NA,NA,NA,NA,NA,NA,NA,NA
"2021-07-12",5.232496879,6.455993529,4.313605257,5.292221938,5.549685277,5.902979332,4.452948572,3.050394259,5.280653574,4.816589536,5.751866777,4.787680446,5.295213159,5.650181095,6.191147408,4.554467533,5.566236177,4.542739254,4.606270029,3.688971716,5.199834823,5.172190684,5.621184532,5.215266794,5.603922486,4.692986,5.680554518,4.999329115,5.0017039,4.468293307,3.931687789,4.579222692,6.049389899,5.975207498,NA,NA,4.879146766,5.571872856,NA,5.412323376,3.208206971,5.012748936,5.697297635,4.586624234,6.066233226,4.161415458,5.240696498,NA,5.065340753,5.023518873,NA,4.535813744,3.393269098,NA,5.350609139,NA,4.727429466,5.186134367,4.292530365,NA,4.523617498,5.046887731,4.607304458,NA,5.315390207,NA,5.376042446,4.949211095,5.588575464,NA,3.635503016,5.534299111,2.99990461,5.441088055,NA,4.290805018,4.785174375,NA,4.80801705,4.735320946,4.175769931,5.478229013,NA,NA,4.276106571,NA,5.05260354,NA,4.326593086,5.136088522,4.885688796,3.955327256,NA,NA,NA,5.00127751,4.63871862,NA,4.61831332,4.819473219,4.914712448,5.00012755,4.932348134,4.880123887,5.392361278,4.516552543,4.289523169,5.612874258,4.310292572,NA,4.765822116,NA,5.607547939,NA,5.873492594,6.146437845,4.608506582,4.335708011,NA,4.603386154,NA,4.845202971,4.314193063,4.921169482,4.859663706,5.092156521,5.206861298,5.495414767,NA,4.882352086,3.740024228,4.54535395,4.131682786,4.391652521,4.723244815,NA,4.954555814,5.047347249,3.672312835,4.993400704,4.228199704,5.255437581,NA,3.899681029,5.004803385,4.785241565,3.268786576,4.50889228,5.222741917,4.183225059,4.633804772,4.262417848
"2021-07-19",NA,NA,NA,NA,NA,NA,NA,NA,NA,NA,NA,NA,NA,NA,NA,NA,NA,NA,NA,NA,NA,NA,NA,NA,NA,NA,NA,NA,NA,NA,NA,NA,NA,NA,6.083054162,3.311294188,NA,NA,5.430542942,NA,NA,NA,NA,NA,NA,NA,NA,NA,NA,NA,3.766460705,NA,NA,NA,NA,NA,NA,NA,NA,NA,NA,3.453726754,NA,NA,NA,4.568814982,NA,NA,NA,4.646883621,NA,NA,NA,NA,NA,NA,NA,NA,NA,NA,NA,5.496945077,5.0209361525,4.704773561,NA,NA,NA,4.250415432,NA,NA,NA,NA,4.940220886,NA,NA,NA,NA,5.499620355,NA,NA,NA,NA,5.236523701,NA,NA,NA,NA,NA,NA,5.816504472,NA,5.193642309,NA,NA,NA,NA,NA,NA,5.220751025,NA,6.21643723,NA,NA,NA,NA,NA,NA,NA,4.688065092,NA,NA,NA,NA,NA,NA,NA,NA,NA,NA,NA,NA,NA,4.767724439,NA,NA,NA,NA,NA,NA,NA,NA,NA
"2021-07-26",4.194496483,5.844756531,5.384973196,4.155512852,5.430129731,5.753202799,4.864112628,3.784867635,5.033643758,5.643958124,5.384008702,4.339162983,5.612534619,5.398564786,5.310815147,3.964090461,3.901344237,4.900920721,4.998253445,6.302033676,5.343497967,4.07973722,4.818510834,5.023153487,5.97554878,3.422363857,6.317096447,6.147488494,5.336994622,5.07954174,5.406704958,5.347721289,5.716050438,6.036730052,NA,NA,5.700346113,6.08085993,NA,6.085661936,6.256002548,5.755881397,NA,4.255656494,5.147386908,5.045185477,6.032735871,5.167331999,5.567731019,5.048911064,NA,5.118918801,4.76261932,NA,3.346877663,NA,4.813834236,5.7271343,5.239737955,NA,4.557626451,5.152719417,3.849646237,NA,5.473442863,NA,5.753946778,4.440866405,5.564141072,NA,4.524014678,5.673553444,5.145913222,5.220904333,NA,4.505933599,4.284024,NA,4.899737982,4.745675831,5.531914677,NA,5.37041574,NA,5.23519345,NA,5.380638556,5.561802966,5.279725609,5.621257634,2.998087838,3.706409432,NA,NA,5.207348335,4.570668751,4.814901172,NA,5.217208996,5.468812343,5.93607877,4.887400722,NA,5.388491543,5.029632869,6.039952177,5.364265109,5.879451596,4.659071649,NA,5.016371462,NA,5.911282592,NA,6.29932299,6.553380114,5.713080298,6.036983024,NA,5.512680761,NA,5.369717979,4.972731845,6.417367418,5.407781386,5.145130185,5.805198433,5.828897656,NA,5.567715746,4.004731453,5.207189816,3.775208016,5.13722822,5.064254974,4.435834235,4.549804199,5.061132436,5.090004239,5.457746045,4.953883799,5.690207667,NA,4.51482626,6.35563578,5.557723523,4.250119168,4.807082461,5.461022864,5.291786809,5.31829893,5.39272607
"2021-08-02",NA,NA,NA,NA,NA,NA,NA,NA,NA,NA,NA,NA,NA,NA,NA,NA,NA,NA,NA,NA,NA,NA,NA,NA,NA,NA,NA,NA,NA,NA,NA,NA,NA,NA,5.750895178,4.312260316,NA,NA,5.167430604,NA,NA,NA,6.967589664,NA,NA,NA,NA,6.04371795,NA,NA,4.242766358,NA,NA,NA,NA,NA,NA,NA,NA,NA,NA,NA,5.159508718,NA,NA,4.930566355,NA,NA,NA,5.093136961,NA,NA,NA,NA,NA,NA,NA,NA,NA,NA,NA,5.577704468,NA,5.221406038,NA,NA,NA,NA,NA,NA,NA,NA,4.689830094,NA,5.326045057,NA,NA,5.724023869,NA,NA,NA,NA,3.738757158,NA,NA,NA,NA,NA,NA,5.876989895,NA,5.370743382,NA,NA,NA,NA,NA,NA,5.71127096,NA,6.827285018,NA,NA,NA,NA,NA,NA,NA,NA,NA,NA,NA,NA,NA,NA,3.994158706,NA,NA,NA,NA,NA,NA,4.449008199,NA,NA,NA,NA,NA,NA,NA,NA,NA
"2021-08-09",3.188630181,5.778775472,5.076687378,5.065095524,5.862402829,6.138007862,5.396537063,4.57376694,5.681749886,5.309839904,5.799345205,5.135441614,5.155523051,6.492433844,4.235337016,4.666241682,5.987528793,5.349402531,4.253769477,4.337591647,5.625978256,5.642774134,5.260653026,5.461305879,4.697175954,4.2293779,NA,4.530124399,5.846044623,5.344319682,5.536471389,5.040893518,6.084077009,5.936700929,NA,NA,5.239501563,5.789667724,NA,5.863077208,6.241204515,5.304565262,5.945215297,3.147229912,5.912582898,4.619774562,5.149123329,NA,6.815586989,5.677315536,NA,5.670830932,5.203777066,NA,5.96467228,NA,5.611156238,5.750652061,5.011528902,NA,4.712316747,5.536538948,NA,NA,5.255923252,NA,5.682774244,4.01206831,5.510399878,NA,6.405036415,5.619290539,4.931312388,5.996235495,NA,5.180972658,3.671908922,NA,5.143124195,4.441588562,5.076427895,NA,NA,NA,5.160775605,NA,5.901847093,4.874192424,5.435690092,5.952872338,4.052804513,4.338953055,NA,NA,NA,5.065296358,4.909086906,NA,6.050740894,5.705315739,6.051960033,5.787362081,NA,5.797687704,5.662902741,6.149869857,5.738509477,5.858546127,6.026918932,NA,5.511241655,NA,5.517787839,NA,5.961592768,6.347702783,6.100068985,5.759966273,NA,5.726312118,NA,5.717370949,4.84303599,5.911387071,5.10880631,5.454277103,5.277748391,5.832862569,NA,5.268859498,3.967141529,5.074133979,3.744444775,4.563494575,4.45059162,NA,4.226346829,4.374784095,5.626981159,3.389568871,4.807575675,6.003075194,NA,4.496975401,5.539023967,5.783646442,2.932020403,4.14114856,5.0058108,4.890683964,5.436101639,4.428726334
"2021-08-16",NA,NA,NA,NA,NA,NA,NA,NA,NA,NA,NA,NA,NA,NA,NA,NA,NA,NA,NA,NA,NA,NA,NA,NA,NA,NA,5.839366627,NA,NA,NA,NA,NA,NA,NA,4.85216068,4.821272944,NA,NA,5.743462233,NA,NA,NA,NA,NA,NA,NA,NA,5.876634618,NA,NA,5.303297427,NA,NA,NA,NA,NA,NA,NA,NA,NA,NA,NA,4.991108327,NA,NA,NA,NA,NA,NA,4.219373272,NA,NA,NA,NA,NA,NA,NA,NA,NA,NA,NA,5.183799771,5.628974958,5.332583786,NA,5.088868844,NA,NA,NA,NA,NA,NA,5.00530478,NA,NA,NA,NA,NA,NA,NA,NA,NA,4.740921451,NA,NA,NA,NA,NA,NA,5.747931953,NA,5.726347341,NA,NA,NA,NA,NA,NA,5.788407324,NA,6.294237383,NA,NA,NA,NA,NA,NA,NA,NA,NA,NA,NA,NA,NA,NA,2.955008199,NA,NA,NA,NA,NA,NA,4.333125262,NA,NA,NA,NA,NA,NA,NA,NA,NA
"2021-08-23",6.306866468,5.743155964,5.630214491,5.88115928,5.779262099,6.105286922,5.320283,4.713552074,5.86529696,5.111161561,5.258356764,5.853857174,5.798863048,6.566738285,6.663339287,4.95131098,5.628079069,4.739364091,5.552313735,4.380722236,5.632566769,4.974525631,5.583964744,5.182321535,5.739287456,5.008418521,NA,5.300184298,4.786244627,4.381582998,4.809722973,5.625477246,4.510285674,5.597865602,NA,NA,5.121295017,5.163621307,NA,5.821166509,5.734932436,5.656420517,5.349157698,4.903281359,5.660383944,5.067319162,5.858231726,NA,5.118588623,5.13552313,NA,5.999008611,5.058078574,NA,5.916166551,NA,6.208434329,6.065852159,5.000376582,NA,4.223190057,3.875241512,NA,NA,5.16124394,5.424955616,5.566660413,4.340065144,6.16801252,NA,5.01641415,6.209534826,6.085007043,4.77881928,NA,4.500416417,4.325915034,NA,4.502961774,5.018213666,5.35475796,NA,6.153849286,NA,5.612839503,NA,6.014292357,5.321917157,5.721441179,5.981031724,4.407943832,3.900147425,NA,NA,5.430331953,5.050265314,4.901531387,3.669032815,5.279031743,5.429472977,5.762977505,5.626877128,NA,5.89332731,5.304800985,5.145081404,5.343827869,5.571206214,5.071730273,NA,4.569344473,NA,5.070881611,NA,6.16433052,5.765275567,5.07197101,4.996416455,NA,4.430097705,NA,5.35760533,3.783023381,5.073329736,5.478608073,4.651739623,5.839593124,5.844773009,NA,5.69956858,4.465498942,5.275729652,4.795964852,5.684627108,5.463779994,NA,4.813184644,5.355109107,4.481871984,5.595764655,4.996455125,6.375010694,4.412976581,4.3671804,5.959989231,5.239990137,4.545987757,4.905365145,5.097482857,5.54201606,5.490921983,5.732579766
"2021-08-30",NA,NA,NA,NA,NA,NA,NA,NA,NA,NA,NA,NA,NA,NA,NA,NA,NA,NA,NA,NA,NA,NA,NA,NA,NA,NA,NA,NA,NA,NA,NA,NA,NA,NA,6.358289703,3.947557312,NA,NA,5.013383862,NA,NA,NA,NA,NA,NA,NA,NA,5.722883847,NA,NA,5.349799075,NA,NA,NA,NA,NA,NA,NA,NA,NA,NA,NA,4.864541747,NA,NA,4.768407066,NA,NA,NA,3.469890863,NA,NA,NA,NA,NA,NA,NA,NA,NA,NA,NA,5.610777716,NA,5.229470634,NA,5.295557207,NA,NA,NA,NA,NA,NA,4.935478151,NA,4.748510043,NA,NA,5.538698277,NA,NA,NA,NA,5.397926269,NA,NA,NA,NA,NA,NA,5.649787917,NA,5.597402956,NA,NA,NA,NA,NA,NA,5.049799296,NA,6.120048384,NA,NA,NA,NA,NA,NA,NA,NA,NA,NA,NA,NA,NA,NA,3.588387889,NA,NA,NA,NA,NA,NA,NA,NA,NA,NA,NA,NA,NA,NA,NA,NA
"2021-09-06",5.303425248,6.162741652,5.31335313,5.696996406,4.864241185,5.927706237,5.623831682,4.587114908,6.070635481,6.213365056,4.997816928,5.646475789,4.809772982,5.980446697,5.49252328,5.029293769,5.251451418,5.700019416,4.908008485,5.396249102,6.021630255,5.52662724,6.012233013,5.751232033,5.823519646,3.372121531,5.983471424,5.305065781,5.537171096,4.985030507,5.743742829,5.181406108,6.210219467,6.125528717,NA,NA,4.900787562,6.885288428,NA,5.349148701,NA,5.95854921,NA,4.022941256,6.188044399,5.254053371,5.759239082,NA,5.331831085,5.54375177,NA,6.366517224,4.736936203,NA,6.005491908,NA,5.585677846,5.930739115,5.438212957,NA,3.763943182,4.560756905,NA,NA,5.451275711,NA,5.206701789,5.185790288,5.558141913,NA,4.818638338,5.658716158,5.066793381,4.521161089,NA,3.010348054,4.013695776,NA,4.904747338,4.992415664,5.401560687,NA,5.751506173,NA,5.47097824,NA,5.641515977,4.981667545,5.31509159,5.505842067,5.459259546,4.183314396,NA,NA,NA,4.701136455,4.959789624,NA,4.834795874,4.410017522,4.61614934,5.794886766,NA,6.120674109,5.28602126,5.930412621,5.5321194,4.159921612,5.833731998,NA,5.158591098,NA,5.915088414,NA,6.208792308,6.053145857,5.500828132,6.379669199,NA,5.88318205,NA,5.754172546,5.023324465,6.166123028,5.665301097,5.493783,5.707239078,5.683826217,4.666089603,5.934674752,3.975362232,5.063791443,4.703574014,5.453979942,5.37261611,NA,4.799150764,4.607343715,5.11451675,5.217953991,3.347450464,6.06910831,5.020798839,4.635090128,5.469105036,5.972693106,4.205955211,4.793452722,5.745200034,6.077295796,5.904786651,4.29166581
"2021-09-13",NA,NA,NA,NA,NA,NA,NA,NA,NA,NA,NA,NA,NA,NA,NA,NA,NA,NA,NA,NA,NA,NA,NA,NA,NA,NA,NA,NA,NA,NA,NA,NA,NA,NA,6.117393636,4.626586891,NA,NA,4.301478939,NA,5.750316025,NA,5.55774521,NA,NA,NA,NA,5.03576285,NA,NA,5.666552072,NA,NA,NA,NA,NA,NA,NA,NA,NA,NA,NA,4.855532568,NA,NA,4.528944127,NA,4.435157778,NA,5.079220277,NA,NA,NA,NA,NA,NA,NA,NA,NA,NA,NA,5.369091834,NA,5.103635189,NA,5.494959209,NA,4.77578699,NA,NA,NA,NA,5.312246448,NA,4.185349965,NA,NA,5.620239768,NA,NA,NA,NA,4.166395336,NA,NA,NA,NA,NA,NA,5.43796502,NA,5.349382548,NA,NA,NA,NA,NA,NA,NA,NA,5.916678614,NA,NA,NA,NA,NA,NA,NA,NA,NA,NA,NA,NA,NA,NA,4.12041037,NA,NA,NA,NA,NA,NA,NA,NA,NA,NA,NA,NA,NA,NA,NA,NA
"2021-09-20",4.390269909,4.978255793,4.963939863,5.196838841,4.906298551,5.595401442,5.343431727,3.475336839,5.797547638,4.816618554,5.356647485,5.862878395,5.312256804,5.782893311,5.808316431,5.332500903,5.425552399,5.152933828,5.120481308,4.483426233,5.452838223,5.394069028,4.841688864,5.643248262,NA,4.080032529,6.038999019,5.273114019,5.208791754,4.798450354,2.859074012,5.466700621,6.216496072,6.086365586,NA,NA,3.596342697,6.196764683,NA,5.151365864,4.963383617,5.09637479,3.980220034,4.946269502,4.806949918,4.722757105,5.359975077,NA,5.115394084,5.736090051,NA,5.958005148,4.912173281,NA,5.328153092,NA,5.193000839,6.266238968,4.624841012,NA,3.798885089,4.839230554,NA,NA,4.739561057,NA,5.724461136,NA,5.151098954,NA,4.007582486,3.263552446,5.453805406,4.95731477,NA,4.859100907,4.219561634,NA,4.957219962,2.712566164,4.951771304,NA,6.097648224,NA,5.536220639,NA,5.991916645,5.148763553,5.58337177,5.19005681,5.484507623,4.582059928,NA,NA,NA,5.121512319,5.036794565,NA,5.261560524,4.894487806,4.898502717,4.904065612,NA,5.687088813,5.520215198,5.078904704,5.2260185,5.080684447,5.101699288,NA,4.430407033,NA,5.931868181,NA,5.760491683,6.009335945,5.725947634,5.902954292,5.445691242,5.876488178,NA,5.529268375,4.310048554,5.694308398,5.348812251,5.521939087,5.416633997,6.005029456,4.96872585,5.659771593,4.422067806,4.069552244,3.214566771,5.047208762,4.908452854,NA,5.058662091,5.532816965,3.484497842,4.800563153,4.537488561,5.551214881,4.245717188,3.280216469,5.813502078,3.804103256,3.99379909,5.312142057,5.217270977,5.620641829,4.964145107,5.050697857
"2021-09-27",NA,NA,NA,NA,NA,NA,NA,NA,NA,NA,NA,NA,NA,NA,NA,NA,NA,NA,NA,NA,NA,NA,NA,NA,5.336030717,NA,NA,NA,NA,NA,NA,NA,NA,NA,5.544311172,4.194370329,NA,NA,4.646653987,NA,NA,NA,NA,NA,NA,NA,NA,5.608285687,NA,NA,5.52924106,NA,NA,NA,NA,NA,NA,NA,NA,NA,NA,NA,4.886101991,NA,NA,3.519786003,NA,4.045234505,NA,4.11522379,NA,NA,NA,NA,NA,NA,NA,NA,NA,NA,NA,6.117143876,NA,4.904426179,NA,4.11756468,NA,NA,NA,NA,NA,NA,3.169222323,NA,3.521932281,NA,NA,4.325388896,NA,NA,NA,NA,5.249979207,NA,NA,NA,NA,NA,NA,5.380980011,NA,5.727181033,NA,NA,NA,NA,NA,NA,5.174078389,NA,5.307135046,NA,NA,NA,NA,NA,NA,NA,NA,NA,NA,NA,NA,NA,NA,NA,NA,NA,NA,NA,NA,NA,NA,NA,NA,NA,NA,NA,NA,NA,NA,NA
"2021-10-04",5.671741487,3.742155302,4.87561066,5.769608556,5.426653515,5.24006301,4.509596201,3.136761124,5.417633936,4.306249197,5.715279953,5.461699034,5.013127507,5.592834044,5.289373214,5.242349543,5.537665644,4.009880877,4.096096643,5.964936302,5.544692427,5.245796686,4.539094202,5.912919851,4.968632522,3.549696101,5.532743789,4.995888038,2.748579374,5.079563031,5.318963821,3.209729508,5.197735473,4.275877592,NA,NA,3.506143822,5.420581546,NA,6.020334407,4.824766716,5.730511774,NA,3.390709141,5.578316281,5.087229045,3.720201328,NA,5.763097172,5.730521419,NA,3.377710814,4.809241398,NA,4.975107978,NA,5.693474379,5.74675284,4.647936244,NA,3.584599468,4.918627585,NA,NA,4.77627306,NA,3.396676314,NA,5.345978945,NA,5.527291165,5.552638204,5.062914722,5.30253511,NA,5.390067061,4.57189445,NA,4.719599258,4.226611371,5.320384208,NA,5.730880698,NA,5.74842806,NA,5.495521411,5.744640264,4.56015389,5.760708259,4.679094295,4.632823649,NA,NA,NA,4.755176613,4.927519626,NA,5.184202571,5.745505861,5.434447974,5.263257141,NA,6.320940884,5.249777544,6.14275683,6.034126175,6.29782855,5.572197045,NA,5.600347425,NA,5.794263958,NA,5.683702087,5.759091481,5.186006003,5.638119998,NA,5.369022143,NA,5.880492365,5.021300956,5.264436408,5.141566494,5.362778051,5.033745431,5.697148027,5.079978076,5.272365903,5.011757266,4.74909116,2.87235703,NA,4.733577254,4.193629299,4.325040317,5.250868991,4.777146722,4.712510536,4.628484662,5.804840432,4.542922285,3.787171405,5.159730944,5.795769127,4.96308072,5.104411568,5.112230031,4.634203592,5.027403101,5.034025639
"2021-10-11",NA,NA,NA,NA,NA,NA,NA,NA,NA,NA,NA,NA,NA,NA,NA,NA,NA,NA,NA,NA,NA,NA,NA,NA,NA,NA,NA,NA,NA,NA,NA,NA,NA,NA,NA,3.290505905,NA,NA,NA,NA,NA,NA,5.258019943,NA,NA,NA,NA,5.947261878,NA,NA,4.64042086,NA,NA,NA,NA,NA,NA,NA,NA,NA,NA,NA,4.68891903,NA,NA,4.371896744,NA,4.061618431,NA,4.993432229,NA,NA,NA,NA,NA,NA,NA,NA,NA,NA,NA,4.901995562,NA,4.755295184,NA,5.489168073,NA,NA,NA,NA,NA,NA,3.830698742,NA,3.306161024,NA,NA,5.017613097,NA,NA,NA,NA,4.539905297,NA,NA,NA,NA,NA,NA,4.843536588,NA,4.286493962,NA,5.592361135,NA,NA,NA,NA,5.426587176,NA,6.71896698,NA,NA,NA,NA,NA,NA,NA,5.577176862,NA,NA,NA,NA,NA,NA,4.215805831,NA,NA,NA,NA,NA,NA,NA,NA,NA,NA,NA,NA,NA,NA,NA,NA
"2021-10-18",3.953577011,6.441904097,5.063259459,5.108007771,5.41641016,4.840594142,5.71706844,2.897817283,4.958892049,4.999254955,5.118840612,5.639845061,5.079906383,5.462188182,5.263507926,5.139634927,5.397911628,4.566344272,3.72487719,5.143044436,5.125400728,4.429330599,3.661698183,5.432700132,5.005522804,3.497767605,NA,5.076174381,4.725492137,4.725797491,4.698001251,4.878366266,5.855404605,5.541081523,5.272685394,NA,4.395796662,5.673891452,2.630518336,4.670733292,4.356993897,5.924315094,4.796224592,4.860200492,5.057660086,3.894758605,5.519570387,NA,5.180337742,5.123316371,NA,5.875964944,4.473358724,NA,5.852577355,NA,5.603358274,5.837912694,5.644633702,NA,4.501631611,4.119672986,NA,NA,4.770647202,NA,4.363830487,NA,5.020304142,NA,4.808205949,5.800714433,4.039137099,4.976812306,NA,5.166777576,4.115143425,NA,3.825102312,4.879666445,4.920578153,NA,5.450004257,NA,5.022771965,NA,4.871091816,5.485675674,5.016765905,5.340654066,3.321354558,3.332432737,NA,NA,NA,4.501111704,4.701676943,NA,5.19321303,5.741759917,4.823060363,5.977097574,NA,6.416860847,5.462198011,6.083726731,4.967457625,5.423252221,5.838681384,NA,3.954531199,NA,6.011010316,NA,5.786690976,4.944469715,5.721117731,4.759565967,NA,5.6393231,NA,5.261724021,4.631843993,5.684147528,5.598605537,5.224282138,5.359488494,5.551496877,NA,4.992916636,4.318907098,5.427977514,3.173387026,NA,4.449332637,NA,4.626576259,5.670279373,5.047306553,4.984079027,4.141781813,5.195998043,4.870503793,4.319773248,4.988890637,3.979956442,3.821092645,4.674739188,2.94423992,5.327323889,4.892993891,5.243437949
"2021-10-25",NA,NA,NA,NA,NA,NA,NA,NA,NA,NA,NA,NA,NA,NA,NA,NA,NA,NA,NA,NA,NA,NA,NA,NA,NA,NA,4.562158718,NA,NA,5.093282976,NA,NA,NA,NA,5.473391231,4.560319403,NA,NA,5.421122258,NA,NA,NA,NA,NA,NA,NA,NA,5.643823487,NA,NA,4.700641171,NA,NA,NA,NA,NA,NA,NA,NA,NA,NA,NA,4.82920761,NA,NA,4.170685418,NA,4.647172825,NA,3.962467253,NA,NA,NA,NA,NA,NA,NA,NA,NA,NA,NA,5.915088245,NA,3.647695708,NA,4.560550131,NA,NA,NA,NA,NA,NA,4.698357396,NA,4.88836081,NA,NA,5.93431163,NA,NA,NA,5.801385261,5.099023802,NA,NA,NA,NA,NA,NA,4.321886969,NA,5.284649666,NA,5.97648293,NA,NA,NA,NA,6.11379283,NA,5.326259469,NA,NA,NA,NA,NA,NA,NA,5.168635653,NA,NA,NA,NA,5.147266715,NA,4.673348939,NA,NA,NA,NA,NA,NA,NA,NA,NA,NA,NA,NA,NA,NA,NA,NA
"2021-11-01",4.126032452,6.124963615,5.001672052,5.832983137,5.518475377,4.191441981,3.815986809,4.685477241,5.539170377,4.831114235,5.223328272,4.950907653,5.28947715,5.844976799,5.214036631,4.501481657,5.020471184,4.717463616,3.815978477,5.618672583,4.625124595,5.079309534,5.00593502,5.753566875,5.72910528,4.108987771,5.441624379,5.302166729,5.068118434,NA,4.862479569,5.45563983,5.82870473,7.193350277,NA,NA,4.029805609,4.605200884,NA,5.632390743,5.49551272,5.4980431,5.738850396,4.544578448,5.476297589,4.490356705,5.653752477,NA,5.107264914,5.242419451,NA,5.462397535,4.287164541,NA,5.435251511,5.438003391,5.345498623,5.569325027,4.462428547,NA,4.824145691,4.898673344,NA,NA,4.11584659,NA,4.393346463,NA,4.948887417,NA,4.803002497,5.871163365,4.495052103,4.502868959,NA,5.731162391,4.638963718,NA,4.047169849,5.19561093,5.303169222,NA,5.049301785,NA,5.138830011,NA,4.520462087,5.357997638,4.949393032,4.943719182,5.314874955,5.175110174,NA,NA,NA,4.131579099,4.825548056,NA,3.869722144,4.226158194,5.518165223,NA,NA,5.878676556,6.247539207,6.06735847,6.437397017,5.351252226,5.178676644,NA,4.883272093,NA,6.307274977,NA,5.958929025,6.481304174,6.049642633,5.774240153,NA,6.286730881,NA,5.573911225,5.168561725,5.685741999,4.921295785,5.426166125,5.918276429,5.948370851,NA,5.077525983,NA,5.538265927,3.427115977,4.886714995,5.594355055,NA,5.017950943,4.314899141,5.125437895,5.70754608,4.403884507,6.182335714,4.836428679,4.137991965,NA,5.215220879,4.203727641,4.388953619,5.554572598,6.6538712,4.857625012,4.584029342
"2021-11-08",NA,NA,NA,NA,NA,NA,NA,NA,NA,NA,NA,NA,5.05955423,NA,NA,NA,NA,NA,NA,NA,NA,NA,NA,NA,NA,NA,NA,NA,NA,NA,NA,NA,NA,NA,4.470565133,4.101626043,NA,NA,5.115907969,NA,NA,NA,NA,NA,NA,NA,NA,5.440296414,NA,NA,5.448164524,NA,NA,NA,NA,NA,NA,NA,NA,NA,NA,NA,4.192268105,NA,NA,4.463034986,NA,4.944262015,NA,4.212071917,NA,NA,NA,NA,NA,NA,NA,NA,NA,NA,NA,5.074304826,NA,5.489405968,NA,5.730244739,NA,NA,NA,NA,NA,NA,4.579585658,NA,NA,NA,NA,5.150799427,NA,NA,NA,NA,4.913062348,NA,NA,NA,NA,NA,NA,5.104755112,NA,5.348867565,NA,5.358058121,NA,NA,NA,NA,5.292357374,NA,NA,NA,NA,NA,NA,NA,NA,NA,NA,NA,NA,NA,NA,NA,NA,NA,NA,NA,NA,NA,NA,NA,NA,NA,5.616449301,NA,NA,NA,NA,NA,NA,NA
"2021-11-15",4.096269631,5.947744336,4.876278364,4.816893515,5.795185548,5.400553665,6.08338466,3.521932868,6.451178134,5.016731889,5.350511446,5.280285157,NA,6.584593487,5.755675243,5.671181423,5.947523616,2.953951049,3.463261862,5.051130913,4.876719113,5.159023032,5.029463776,5.696408465,5.967631239,4.000206241,5.439443186,5.293583291,4.961353715,5.230676438,5.432619791,3.677987912,5.901741999,4.46188863,NA,NA,4.022717311,5.121367828,NA,5.788043302,4.75025148,4.812227903,6.089588396,5.089003732,3.264449799,4.861228327,4.945888134,NA,5.279214247,5.428378326,NA,6.217315413,4.948552378,NA,NA,5.163405064,5.017589204,5.983664375,3.033032453,NA,4.872454266,3.868591844,NA,NA,4.787633313,NA,3.749629399,NA,5.395723945,NA,4.654452084,6.361281049,3.07906741,6.306852716,NA,5.577699294,3.613664255,NA,5.294207418,3.449758588,4.785960134,NA,5.390594306,NA,5.223280738,NA,5.87916147,4.390365537,4.333447025,5.509848977,5.010333611,5.018576349,NA,NA,5.193310632,4.040142486,5.222855295,NA,5.278352289,4.980566788,5.139237856,5.261460423,NA,5.732650775,5.329878957,5.319516807,5.623709919,5.645032664,5.228367958,NA,4.173356733,NA,5.515417246,NA,NA,5.787018945,5.892265942,6.50559217,NA,5.654773292,NA,5.703961848,3.98427441,5.4262334,4.713237832,5.802202832,5.395056191,5.993823871,5.129964309,5.692449561,4.690651191,4.413028395,4.021705005,4.52152913,4.319669205,4.288852076,4.813372644,5.853000604,4.536544134,5.427684252,4.681005642,6.317669133,4.231697352,4.653158372,5.725400772,2.660969155,4.04988352,2.910101873,5.721064103,5.754400341,5.307972088,4.599447444
"2021-11-22",NA,NA,NA,NA,NA,NA,NA,NA,NA,NA,NA,NA,NA,NA,NA,NA,NA,NA,NA,NA,NA,NA,NA,NA,NA,NA,NA,NA,NA,NA,NA,NA,NA,NA,NA,4.232449712,NA,NA,4.874591832,NA,NA,NA,NA,NA,NA,NA,NA,4.965135465,NA,NA,4.749408765,NA,NA,5.697291888,NA,NA,NA,NA,NA,NA,NA,NA,4.618863241,NA,NA,5.09171785,NA,4.916461056,NA,3.293783519,NA,NA,NA,NA,NA,NA,NA,NA,NA,NA,NA,5.026691292,NA,3.141164358,NA,5.270593927,NA,NA,NA,NA,NA,NA,4.35774699,NA,4.208003601,NA,NA,5.076046702,NA,NA,NA,NA,5.145825497,NA,NA,NA,NA,NA,NA,6.057462086,NA,5.638341821,NA,5.878648893,NA,NA,NA,NA,4.892029221,NA,5.895964163,NA,NA,NA,NA,NA,NA,NA,5.371034328,NA,NA,NA,NA,NA,NA,2.193900494,NA,NA,NA,NA,NA,NA,NA,NA,NA,NA,NA,NA,NA,NA,NA,NA
"2021-11-29",4.342471563,5.75179617,4.923187599,5.920946011,5.279331829,5.53131295,5.614009396,5.083967893,6.369792406,4.580941849,5.515474073,4.641503595,4.796538581,6.305743678,5.326386877,4.765726736,5.739076475,4.851463057,4.806664444,4.997086407,5.565296283,5.063319717,4.974193923,5.721264811,5.272134159,4.658806725,5.236408312,5.811906361,3.774596892,5.284542232,5.229524243,5.656049879,5.991749876,5.96775422,4.473540623,NA,4.63803201,5.604174518,NA,NA,4.833091189,5.130668994,5.824954026,4.884056367,4.713342226,4.815174201,5.465382402,NA,4.753063993,5.690193074,NA,5.612556123,5.092442863,NA,5.950269133,6.004713298,4.483677445,5.577346924,4.896125322,NA,4.71316851,4.003859121,NA,NA,5.154325156,NA,4.810508501,NA,4.989526097,NA,4.899498647,6.139848056,5.536364506,6.046605492,NA,5.813548254,4.810958697,NA,5.438766619,5.114130354,5.188913875,NA,NA,NA,5.644057893,NA,5.974011316,5.37057103,4.917772421,3.744620203,5.183615897,4.701202213,NA,NA,NA,4.474761813,2.893551049,NA,4.650708597,4.397201978,5.165066893,4.873484562,NA,5.872363918,5.539825622,5.653975043,5.42567977,5.655880598,5.371284224,NA,4.372145553,NA,5.892270547,NA,6.051514903,5.237375523,6.442252982,6.691075742,NA,5.437481618,NA,5.942389035,4.546089914,5.178558337,5.082333204,6.119987105,5.039879919,5.93280799,NA,5.300740321,4.41199186,5.514537317,3.357064324,4.882467458,5.276039635,NA,4.713521542,5.453998076,4.728760083,5.13330045,3.952198108,6.000734369,4.663868389,4.366813432,6.003776416,4.434237722,4.317919754,2.765747654,5.844048559,5.28235115,5.082885941,5.108408339
"2021-12-06",NA,NA,NA,NA,NA,NA,NA,NA,NA,NA,NA,NA,NA,NA,NA,NA,NA,NA,NA,NA,NA,NA,NA,NA,NA,NA,NA,NA,NA,NA,NA,NA,NA,NA,4.974099001,4.18228779,NA,NA,3.912328159,5.472846266,NA,NA,NA,NA,NA,NA,NA,4.966457581,NA,NA,4.113084575,NA,NA,5.947811375,NA,NA,NA,NA,NA,NA,NA,NA,5.064342654,NA,NA,4.908313041,NA,4.108645918,NA,3.104608162,NA,NA,NA,NA,NA,NA,NA,NA,NA,NA,NA,5.265005863,6.263781001,5.322229166,NA,5.90358198,NA,NA,NA,NA,NA,NA,3.680872939,NA,4.94204759,NA,NA,4.27154913,NA,NA,NA,NA,5.255884125,NA,NA,NA,NA,NA,NA,5.758984712,NA,4.976977978,NA,6.658635402,NA,NA,NA,NA,5.099368742,NA,6.158805681,NA,NA,NA,NA,NA,NA,NA,NA,NA,NA,NA,NA,NA,NA,4.60319709,NA,NA,NA,NA,NA,NA,NA,NA,NA,NA,NA,NA,NA,NA,NA,NA
"2021-12-13",3.660576284,4.033924161,5.154712338,5.516945447,5.369455119,5.337972361,5.764542265,3.464791183,6.031130644,4.750088964,4.489673925,5.294936955,4.683304413,6.123546146,6.069726609,4.835020443,5.154960444,5.033818049,3.948030693,5.730557293,5.545472352,5.312357592,4.243044771,5.620468937,6.11103518,4.279509179,4.212262944,6.005744893,5.115611411,5.304290873,5.016827181,5.464281403,5.091737815,5.773731184,NA,NA,4.439774527,4.710703716,NA,5.170620422,4.986272892,5.976217539,5.142164301,4.832267701,5.514757657,4.593096212,4.608254604,NA,3.402337687,4.194208063,NA,5.095187745,4.881957234,NA,5.204212839,5.568908067,5.148772699,5.565207643,4.847775814,NA,5.009220097,4.711192546,NA,NA,5.698117009,NA,4.246815889,NA,6.162195192,NA,6.124395428,5.844048211,5.346463093,6.477029124,NA,5.315860096,4.907437331,NA,6.030569678,4.891535621,4.708291709,NA,5.696395833,NA,5.439735298,NA,5.809412677,4.079808016,6.268933166,5.665138463,4.701463875,3.821945665,NA,NA,NA,3.004761439,3.549553603,NA,5.112377127,4.064946015,4.862883951,4.317109626,NA,5.781402329,5.66054026,5.856518499,5.720877958,5.39012699,5.608938926,NA,5.552040946,NA,6.698645188,NA,5.539810764,6.160412354,5.986072026,6.62335036,NA,5.843389932,NA,6.070500281,4.820864184,5.362323562,5.416914881,5.641325929,5.265547757,5.142533939,5.709554293,5.087875446,3.690253433,4.779730197,4.024052914,4.167668933,5.748334236,NA,4.895071006,5.530246708,5.11875535,6.006023716,3.203337417,6.313534879,4.024400553,4.562233333,4.333470483,4.291241056,4.174254431,2.624982349,5.544040315,5.607754065,5.10070697,4.498472843
"2021-12-20",NA,NA,NA,NA,NA,NA,NA,NA,NA,NA,NA,NA,NA,NA,NA,NA,NA,NA,NA,NA,NA,NA,NA,NA,NA,NA,NA,NA,NA,NA,NA,NA,NA,NA,NA,NA,NA,NA,NA,NA,NA,NA,NA,NA,NA,NA,NA,5.834170573,NA,NA,4.947672301,NA,NA,NA,NA,NA,NA,NA,NA,NA,NA,NA,NA,NA,NA,NA,NA,NA,NA,NA,NA,NA,NA,NA,5.215946613,NA,NA,5.858047802,NA,NA,NA,NA,NA,NA,NA,NA,NA,NA,NA,NA,NA,NA,NA,NA,NA,NA,NA,NA,NA,NA,NA,NA,NA,NA,NA,NA,NA,NA,NA,NA,NA,NA,NA,NA,NA,NA,5.392742099,NA,NA,NA,NA,NA,NA,NA,NA,NA,NA,NA,NA,NA,NA,NA,NA,NA,NA,3.989851703,NA,NA,NA,NA,NA,NA,NA,NA,NA,NA,NA,NA,NA,NA,NA,NA
"2021-12-27",3.344399242,5.237842473,4.734279882,6.064806948,4.869042736,5.504637152,3.349461938,3.304894256,5.407539707,4.483302645,5.741374994,4.876036951,4.232048694,5.239455735,4.841009819,4.67999374,6.034919536,4.942337697,3.185499296,3.625659774,5.232906908,4.477155709,3.772547139,5.967047265,NA,NA,NA,5.043974351,5.072224037,5.397854729,5.46685296,6.322351125,5.934591578,5.664167542,5.522592567,3.213457339,NA,5.30531573,5.59846624,5.645415967,NA,5.446778594,5.804402393,5.372254395,NA,5.128485741,5.676716886,NA,4.969277375,3.408595936,NA,5.989936651,5.324692797,6.008263766,5.640903476,NA,5.65711866,6.203374198,4.00097251,NA,4.944613054,NA,4.160002757,NA,6.045629604,3.986050243,4.697234447,4.983310427,5.670834596,5.006478428,5.138488646,5.640594422,4.007838024,5.623631707,NA,5.807457848,5.473418359,NA,NA,NA,5.270130447,5.395559046,NA,5.520950132,5.89925025,5.348830751,5.736683325,NA,NA,NA,5.53862837,5.111384931,5.33558922,5.145489754,5.655185071,NA,4.655418771,4.820299966,4.928744242,5.550564496,4.886216175,5.153982611,NA,5.791549827,5.363856033,5.056185028,5.431117913,5.071008085,4.872364371,4.948222774,5.238413973,5.005597167,6.703543024,5.8163882,NA,6.255519914,NA,4.42858317,5.935948818,5.6248965,NA,3.156068192,4.780727584,5.355891138,5.480322247,5.223383667,5.59218832,4.777570505,4.665959556,NA,3.453162545,5.011385329,3.817606111,NA,5.255090245,NA,4.721506259,NA,4.109576888,4.588082346,3.898794133,6.441846453,5.044927265,4.108384819,NA,NA,3.601862376,4.179651914,NA,5.53732801,NA,3.39075652
"2022-01-03",NA,NA,NA,NA,NA,NA,NA,NA,NA,NA,NA,NA,NA,NA,NA,4.761299096,NA,NA,3.619624133,NA,NA,NA,NA,NA,5.858323354,4.484145433,5.211291922,NA,NA,NA,NA,NA,NA,NA,6.40378945,4.076863429,4.452110028,NA,4.319314172,NA,5.380642627,NA,NA,NA,4.182980469,NA,NA,5.305637096,NA,NA,5.432372797,NA,NA,4.595877293,NA,5.21225001,NA,NA,NA,NA,NA,5.735082259,4.564991095,NA,NA,3.875880952,NA,2.346099083,NA,3.654196641,4.338561669,NA,NA,5.494497171,5.594070174,NA,NA,5.215060164,5.83280684,5.331022896,NA,4.704684399,5.633835085,4.909201439,NA,5.77653662,NA,4.849180962,5.859402521,5.613482042,NA,NA,4.109511829,NA,4.825107989,4.953873655,NA,4.775780192,NA,NA,NA,NA,4.024859783,NA,4.925692451,NA,NA,6.028402341,NA,5.355819854,NA,5.455663592,NA,5.705971553,6.376826442,NA,NA,NA,5.175937817,NA,5.483096562,NA,NA,NA,NA,NA,NA,NA,5.693909526,5.150162887,NA,4.27179876,NA,5.156295505,NA,3.829729018,NA,5.112510431,4.218063571,NA,NA,NA,NA,NA,5.884998517,4.564232595,NA,NA,5.258391779,NA,4.076814673,NA
"2022-01-10",3.84208184,5.352689476,3.838015623,6.077370959,5.868759311,4.301491864,4.757292417,3.024636607,4.921528286,3.726779543,5.249146308,4.340625681,4.440888748,6.330146717,5.734189865,NA,5.185877714,5.019181188,NA,4.155994011,4.770060012,4.772987739,4.586040029,4.512497964,5.728211861,4.264422411,5.057619946,4.264886164,4.417241895,5.369821558,4.723753281,3.422672744,5.066388249,4.02685225,NA,NA,4.745416509,3.722436081,NA,5.446615127,3.246779095,3.952113833,5.2337795,4.667304857,5.000474306,4.124971,4.34063103,NA,5.130128847,5.316077539,NA,5.423789046,5.03591662,NA,5.24957683,4.972508375,5.675064481,5.497542092,4.277473194,4.056894132,5.164125101,4.660709285,NA,5.552148342,5.403643122,NA,4.899136743,NA,4.321095751,NA,NA,4.595083069,5.143068137,NA,NA,4.536759153,4.906550554,NA,5.818196734,5.60155112,5.407865795,NA,5.346022465,NA,4.691845882,NA,4.631499944,4.274636764,4.795180299,5.171593572,4.397402911,5.162535278,NA,4.421541697,NA,2.933119999,4.237977695,NA,3.499478946,3.742530069,5.50158109,3.6037577,NA,3.961851096,NA,4.648627627,3.540097578,NA,4.632608915,NA,6.334722255,NA,5.065962965,NA,NA,5.957748318,5.62486606,5.800434787,NA,5.557304666,NA,5.323803251,4.653304996,5.490448921,4.954406383,5.612551821,5.272980309,4.182167205,NA,5.430036509,4.544197123,NA,3.63851122,3.728524495,5.012902681,NA,5.261926693,5.638787837,NA,5.402613308,4.502969411,6.138588328,3.650894579,4.441716389,5.727596419,4.154166118,5.067303267,4.856640389,5.080295497,5.110472427,3.402047802,4.7003734
"2022-01-17",NA,NA,NA,NA,NA,NA,NA,NA,NA,NA,NA,NA,NA,NA,NA,NA,NA,NA,NA,NA,NA,NA,NA,NA,NA,NA,NA,NA,NA,NA,NA,NA,NA,NA,NA,4.068205362,NA,NA,3.935088254,NA,NA,NA,NA,NA,NA,NA,NA,4.196230515,NA,NA,5.090647459,NA,NA,5.113797697,NA,NA,NA,NA,NA,NA,NA,NA,2.794091433,NA,NA,3.898227482,NA,4.616988962,NA,4.710047959,NA,NA,NA,NA,5.253328663,NA,NA,5.237177117,NA,NA,NA,NA,NA,5.319603685,NA,5.110257659,NA,NA,NA,NA,NA,NA,4.398140481,NA,NA,NA,NA,5.479287146,NA,NA,NA,NA,4.394728495,NA,NA,NA,NA,NA,NA,5.507061918,NA,4.748376919,NA,3.777684695,NA,NA,NA,NA,4.644855652,NA,5.090215149,NA,NA,NA,NA,NA,NA,NA,4.884533771,NA,NA,NA,NA,NA,NA,3.088058227,NA,NA,NA,NA,NA,NA,NA,NA,NA,NA,NA,NA,NA,NA,NA,NA
"2022-01-24",4.935562603,4.034168371,4.45439103,4.730940126,5.760341207,5.481517276,4.663980974,3.423211066,4.968330215,4.274516404,5.342386146,4.544427807,5.068310527,6.009705256,6.484460331,4.757112006,6.290440071,3.785755351,3.46216354,4.359327965,6.060337374,4.522078411,4.550260043,5.176289786,5.844832673,3.500264013,4.202532683,5.043654161,4.490097959,4.050864484,5.060164665,5.36987049,4.768943702,5.541030384,5.188475583,NA,5.037780134,5.09697286,NA,5.005593048,5.525633387,5.141598983,4.821228363,4.56159372,3.790386204,3.38856173,5.161507354,NA,4.992771134,4.932919506,NA,5.122897853,4.767265716,NA,5.386565162,6.055738384,5.581010738,5.118808417,3.544725736,3.185133108,5.30568897,4.710595308,NA,5.370465877,6.069204952,NA,5.008097799,NA,4.252279877,NA,5.769177584,3.495651677,2.999253691,4.381968456,NA,5.537892707,4.706351351,NA,4.968304996,5.340910013,5.569329766,3.621433394,5.877122572,NA,5.447372625,NA,5.383858792,5.4402727,5.684524627,3.464074923,4.688541554,5.051257167,NA,5.144729065,5.542222407,4.740292919,5.235481481,NA,4.030300534,4.225282663,4.870444941,3.908390887,NA,5.115662438,4.66643854,5.529472507,5.564574036,5.297862681,5.419527896,NA,4.919276284,NA,5.108230102,NA,5.328323768,5.248426199,4.738657863,5.849451015,NA,5.406741963,NA,5.321451242,2.488326723,5.641982682,5.004366759,4.608219874,5.256950415,4.547756214,NA,4.910255568,3.323060366,4.471137275,4.162292522,4.800259251,5.378319617,NA,4.419607547,6.292970794,4.008045721,4.380643778,3.941863862,6.785324036,4.487174861,3.131982698,6.360407816,4.460528468,3.465481338,4.469483984,5.529510794,5.352053142,5.649797125,4.771741273
"2022-01-31",NA,NA,NA,NA,NA,NA,NA,NA,NA,NA,NA,NA,NA,NA,NA,NA,NA,NA,NA,NA,NA,NA,NA,NA,NA,NA,NA,NA,NA,NA,NA,NA,NA,NA,NA,3.334838924,NA,NA,5.679089654,NA,NA,NA,NA,NA,NA,NA,NA,5.453756041,NA,NA,4.455233572,NA,NA,5.917503544,NA,NA,NA,NA,NA,NA,NA,NA,4.549278318,NA,NA,4.219304823,NA,3.363673694,NA,3.108071611,NA,NA,NA,NA,5.957910281,NA,NA,6.529515053,NA,NA,NA,5.705521515,NA,5.718114028,NA,5.487985378,NA,NA,NA,NA,NA,NA,4.150197977,NA,5.762018972,NA,NA,6.08710977,NA,NA,NA,NA,3.967321496,NA,NA,NA,NA,NA,NA,3.841895515,NA,5.863471372,NA,5.639577066,NA,NA,NA,NA,5.058011071,NA,5.490514734,NA,NA,NA,NA,NA,NA,NA,NA,NA,NA,NA,NA,NA,NA,4.555481275,NA,NA,NA,NA,NA,NA,NA,NA,NA,NA,NA,NA,NA,NA,NA,NA
"2022-02-07",5.473430513,5.359680266,5.245269379,5.528363757,6.655031988,5.996806222,4.313849885,5.06197873,5.937610744,5.634900504,5.674939898,4.780158755,5.387087409,5.972001797,6.069521716,5.416199022,6.435970107,4.957020001,3.16787207,5.173375723,5.174020856,3.989561588,5.932570411,5.10199741,5.441306324,4.878933181,5.406175532,5.386695444,4.297444873,5.133835089,5.374284528,5.711662412,4.803913058,3.540661321,5.497787922,NA,4.951428468,5.074480413,NA,5.619273843,5.545046641,5.217372226,NA,5.014250283,5.295053712,4.165151417,5.396804477,NA,5.498835259,2.996223554,NA,5.555020671,2.408315622,NA,4.838510814,5.336016999,3.203879475,5.363742637,4.590483307,5.836379289,5.355037353,4.802738652,NA,6.083062014,4.8857509,NA,5.792041952,NA,6.080100666,NA,5.12892045,5.649401782,3.975954624,5.029070277,NA,5.394201483,4.415462461,NA,5.184223743,5.745598229,5.702077995,NA,6.299775535,NA,4.972686192,NA,5.041661919,6.713059818,5.416346331,6.015231333,5.089757407,5.467543884,NA,5.460825735,NA,5.6832816,5.089363038,NA,6.189771456,5.689250537,4.344283603,6.18843869,NA,5.523394809,4.874083354,5.220025359,6.101452451,5.877446593,5.221967775,NA,4.090978056,NA,6.503005469,NA,5.991446217,5.827136746,5.826490556,5.27554939,NA,5.977726061,NA,6.102512509,4.392130102,5.292398221,5.002173571,5.386649776,5.169249312,5.132743272,5.90403448,3.827658878,4.159152179,4.669684964,4.062665801,5.535982984,5.580995122,NA,4.987435523,3.269047342,4.908403155,5.481078862,4.114496481,6.110913349,4.741579654,4.253415273,4.453393755,5.263926107,5.139668665,5.095867904,5.673483617,4.629453578,5.622208238,4.849150581
"2022-02-14",NA,NA,NA,NA,NA,NA,NA,NA,NA,NA,NA,NA,NA,NA,NA,NA,NA,NA,NA,NA,NA,NA,NA,NA,NA,NA,NA,NA,NA,NA,NA,NA,NA,NA,NA,4.895572392,NA,NA,5.531291454,NA,NA,NA,6.100608727,NA,NA,NA,NA,4.887163387,NA,NA,5.275809054,NA,NA,6.10161421,NA,NA,NA,NA,NA,NA,NA,NA,6.521716393,NA,NA,4.60982866,NA,4.62955415,NA,5.363305665,NA,NA,NA,NA,6.595896989,NA,NA,5.969476278,NA,NA,NA,NA,NA,5.109946764,NA,5.757981371,NA,NA,NA,NA,NA,NA,5.085804737,NA,4.895650799,NA,NA,5.848149791,NA,NA,NA,NA,5.848721285,NA,NA,NA,NA,NA,NA,5.617812117,NA,5.561180587,NA,5.542643884,NA,NA,NA,NA,5.344267484,NA,5.139161269,NA,NA,NA,NA,NA,NA,NA,5.804706897,NA,NA,NA,NA,NA,NA,4.85099212,NA,NA,NA,NA,NA,NA,NA,NA,NA,NA,NA,NA,NA,NA,NA,NA
"2022-02-21",NA,5.761843077,5.147973496,5.792439746,6.47401441,5.70725031,6.07427022,4.384190703,4.764448172,4.84136247,6.042790269,4.719419935,4.839288028,5.95819655,5.924584352,5.586538892,5.993112368,5.236847993,5.077726306,4.474597107,5.723262332,5.199317207,5.759910233,6.552474199,6.88762251,4.181225846,6.070685403,4.682082315,5.555637278,4.907100273,5.426081749,6.020976573,6.149139613,5.11597311,5.78534556,NA,4.990373642,5.364666112,NA,5.122754834,4.665209565,4.936903005,5.13040465,4.504066877,5.610578928,5.384246614,6.013500138,NA,5.993684156,6.185098415,NA,6.289501711,5.263928033,NA,5.99878627,5.789724613,5.396058301,5.921762199,5.10493131,6.158582395,NA,6.198528415,NA,6.194675843,5.840899801,NA,4.617208349,NA,4.554142671,NA,4.749782988,5.574286222,5.799763149,5.617581322,NA,5.880505655,5.897643121,NA,6.44981798,6.076463241,5.677893065,6.676019086,6.502062035,NA,3.775512731,NA,5.450431546,5.136461269,4.798173524,6.320451311,5.252414034,6.138832341,NA,5.82082957,NA,5.315829422,5.844944501,NA,5.510915938,4.648670245,4.981852846,5.348463855,NA,5.361248486,5.287433242,5.418227164,4.901093247,6.314151259,6.234145733,NA,5.158574811,NA,4.841602964,NA,6.053504586,5.948784634,5.894137853,4.616319314,NA,5.436722849,NA,5.856436067,5.027968972,5.838942358,5.550707794,5.440647813,5.991223677,5.752937494,NA,5.337143545,3.973991899,4.682050968,4.112327426,NA,3.447094187,NA,5.257712105,5.170552264,5.030651018,6.301595476,4.642032476,6.173138997,4.683587658,3.943379172,4.271747838,5.18281967,5.04584258,5.261691685,5.231230265,5.253582891,5.029360293,5.061502396
"2022-02-28",NA,NA,NA,NA,NA,NA,NA,NA,NA,NA,NA,NA,NA,NA,NA,NA,NA,NA,NA,NA,NA,NA,NA,NA,NA,NA,NA,NA,NA,NA,NA,NA,NA,NA,5.532669689,4.441389163,NA,NA,5.143851967,NA,NA,NA,NA,NA,NA,NA,NA,5.572906538,NA,NA,5.795579758,NA,NA,5.495386707,NA,NA,NA,NA,NA,NA,NA,NA,5.347074068,NA,NA,5.179168325,NA,4.449337503,NA,5.727606947,NA,NA,NA,NA,5.10918907,NA,NA,6.508717172,NA,NA,NA,5.513707596,NA,6.16852821,NA,5.502629408,NA,NA,NA,NA,NA,NA,5.303138113,NA,4.969730455,NA,NA,6.047058965,NA,NA,NA,NA,5.380113942,NA,NA,NA,NA,NA,NA,5.415395056,NA,5.19615949,NA,5.917819946,NA,NA,NA,NA,5.354512104,NA,6.60206409,NA,NA,NA,NA,NA,NA,NA,NA,NA,NA,NA,NA,NA,NA,4.967069514,NA,NA,NA,NA,NA,NA,NA,NA,NA,NA,NA,NA,NA,NA,NA,NA
"2022-03-07",NA,6.0664253,4.639684283,5.651528593,5.798553401,5.749413122,5.801063577,4.524430418,5.536677672,4.664392204,5.51752426,5.169603084,4.960596012,5.464590736,5.56550038,5.299244861,5.542926346,4.954407753,4.284984551,4.346491158,6.434190051,5.412165335,5.107133323,5.814969377,6.22394683,4.553303331,6.049763307,5.703642275,5.360972728,5.170826623,4.342402236,5.413126248,5.765887331,5.319851066,NA,NA,5.117076958,5.915379001,NA,6.630172259,5.712398577,4.342255398,5.84263115,5.390868906,5.797572208,5.055711409,5.331099164,NA,4.963943171,5.704371259,NA,6.260894743,5.03854104,NA,6.09952239,6.48980743,5.900587622,6.304193684,5.129465227,4.858032634,4.440240979,6.118856532,NA,5.82755588,5.081015411,NA,5.28704466,NA,5.446575163,NA,5.364180616,6.14968729,4.753918619,6.261167329,NA,5.436435618,4.244083024,NA,6.116344913,5.726684024,5.831553625,NA,6.399324394,NA,6.164219853,NA,6.546954107,6.116197797,5.400869219,6.243847441,5.913020585,4.8854642,NA,6.04908686,NA,5.802228903,5.631295802,NA,5.23274251,5.500200218,5.707991111,5.479056971,NA,5.754835444,5.490644916,5.706720922,5.930622022,6.17232415,5.845493328,NA,5.714630804,NA,5.789973575,NA,5.449181763,5.698965445,5.767251679,4.845053739,NA,4.385050336,NA,6.096722557,4.093935978,5.777003046,4.831961656,5.13651932,5.779229707,5.159653104,6.036033196,6.026846834,4.250696242,5.464174453,5.211970551,5.7856386095,5.434722278,NA,5.154620179,5.418448041,5.357662783,5.582335312,5.078287431,6.705960576,5.071427626,4.626749567,6.259981309,5.056034843,4.566628903,5.538322311,4.882038627,5.365269308,NA,5.074976807
"2022-03-14",NA,NA,NA,NA,NA,NA,NA,NA,NA,NA,NA,NA,NA,NA,NA,NA,NA,NA,NA,NA,NA,NA,NA,NA,NA,NA,NA,NA,NA,NA,5.906828347,NA,NA,NA,6.028567894,4.596557012,NA,NA,5.47909246,NA,NA,NA,NA,NA,NA,NA,NA,6.055430416,NA,NA,5.858576618,NA,NA,5.655415572,NA,NA,NA,NA,NA,NA,NA,NA,4.768053949,NA,NA,5.15962546,NA,5.279447185,NA,5.294263682,NA,NA,NA,NA,5.961190632,NA,NA,6.080319225,NA,NA,NA,5.214547763,NA,5.159633705,NA,4.884389627,NA,NA,6.172672164,NA,NA,NA,5.059915186,5.244937901,5.209920964,NA,NA,4.844459322,NA,NA,NA,NA,5.164925485,NA,NA,NA,NA,NA,NA,5.402218894,NA,5.626152086,NA,4.18408935,NA,NA,NA,NA,5.444866173,NA,NA,NA,NA,NA,NA,NA,NA,NA,6.241339719,NA,NA,NA,4.562680715,NA,NA,NA,NA,NA,NA,NA,NA,NA,NA,NA,6.250085461,NA,NA,NA,NA,NA,6.535414976,NA
"2022-03-21",NA,5.944262703,6.105386941,3.053906262,3.358993107,5.962374237,5.10965731,4.47439468,5.175784272,5.410674671,5.380117869,5.865143458,5.710266297,5.599685083,5.891278605,5.624762044,6.189224512,5.12579676,4.620586611,3.608553527,6.405937603,5.205152084,5.093228574,5.922320887,5.737415585,3.898637639,5.699803861,5.305494424,5.404135609,5.212602332,NA,5.055559317,5.027570669,5.571647412,NA,NA,4.633702354,5.96755372,NA,NA,5.003213201,5.532641679,5.902695181,5.449692108,5.477180611,4.64071985,3.393472251,NA,5.699526777,6.245439999,NA,6.270124047,5.263848675,NA,6.087335372,6.254942817,5.08712781,5.901108414,5.998165445,4.479727447,NA,6.067039023,NA,4.294273814,5.643323272,NA,4.580100659,NA,5.65302477,NA,5.303019445,5.111859357,5.426168785,5.87312256,NA,5.351061463,4.674903164,NA,5.619040979,6.187110224,4.665606362,NA,6.792277294,NA,4.248613157,NA,3.485578646,5.757989921,NA,6.052441799,5.383032284,5.387286978,NA,NA,NA,5.802105283,5.537528197,NA,5.576266543,4.570680453,5.07196957,4.5711645,NA,5.230814855,5.336908227,4.870893425,5.173384804,5.858652333,4.755546388,NA,5.205961604,NA,5.447991729,NA,6.195264965,6.505153977,5.185364744,5.442695811,NA,5.126924023,5.547092113,5.878440242,4.240399632,6.179185601,5.571641183,6.110926983,5.227704298,5.693217854,NA,5.939952261,4.690615041,5.085423721,NA,NA,5.615590988,NA,5.173341971,5.314904821,5.32433097,5.51081057,4.63004442,6.192744794,4.724201459,4.891591387,NA,5.611459785,5.205024447,4.550962273,4.298488587,5.50443488,4.90173357,5.271638435
"2022-03-28",NA,NA,NA,NA,NA,NA,NA,NA,NA,NA,NA,NA,NA,NA,NA,NA,NA,NA,NA,NA,NA,NA,NA,NA,NA,NA,NA,NA,NA,NA,NA,NA,NA,NA,NA,NA,NA,NA,NA,6.268867226,6.131944775,NA,NA,NA,NA,NA,NA,NA,NA,NA,4.212916741,NA,NA,NA,NA,NA,NA,NA,NA,NA,NA,NA,NA,NA,NA,NA,NA,NA,NA,NA,NA,NA,NA,NA,6.241937148,NA,NA,6.761839323,NA,NA,NA,NA,NA,NA,NA,NA,NA,NA,NA,NA,NA,NA,NA,NA,NA,4.879671588,NA,NA,NA,NA,NA,NA,NA,NA,NA,NA,NA,NA,NA,NA,NA,NA,NA,3.412911541,NA,NA,NA,NA,NA,NA,NA,NA,NA,NA,NA,NA,NA,NA,NA,NA,NA,NA,NA,5.542301291,NA,NA,NA,5.992845646,NA,NA,NA,NA,NA,NA,NA,5.121418245,NA,NA,5.478801438,NA,6.489925534,NA
